{"acc": 0.8639519570862846, "loss": 0.1430345864442194, "_timestamp": 1733986670.3242772, "_runtime": 3.4902150630950928, "_step": 7, "_wandb": {"runtime": 1}}